{"cameraMode":{"drawMode":0,"name":"Shaded","section":"Shading Mode"},"sceneLighting":true,"audioPlay":false,"sceneViewState":{"showFog":true,"showMaterialUpdate":false,"showSkybox":true,"showFlares":true,"showImageEffects":true,"showParticleSystems":true},"in2DMode":false,"pivot":{"x":-4.653329849243164,"y":-2.6994361877441408,"z":-1.2543201446533204},"rotation":{"x":-0.19859497249126435,"y":0.398526132106781,"z":-0.08882927149534226,"w":-0.890981137752533},"size":15.529693603515625,"orthographic":false}